[
  {
    "model": "contenttypes.contenttype",
    "pk": 1,
    "fields": {
      "app_label": "admin",
      "model": "logentry"
    }
  },
  {
    "model": "contenttypes.contenttype",
    "pk": 2,
    "fields": {
      "app_label": "auth",
      "model": "group"
    }
  },
  {
    "model": "contenttypes.contenttype",
    "pk": 3,
    "fields": {
      "app_label": "auth",
      "model": "user"
    }
  },
  {
    "model": "contenttypes.contenttype",
    "pk": 4,
    "fields": {
      "app_label": "auth",
      "model": "permission"
    }
  },
  {
    "model": "contenttypes.contenttype",
    "pk": 5,
    "fields": {
      "app_label": "contenttypes",
      "model": "contenttype"
    }
  },
  {
    "model": "contenttypes.contenttype",
    "pk": 6,
    "fields": {
      "app_label": "sessions",
      "model": "session"
    }
  },
  {
    "model": "contenttypes.contenttype",
    "pk": 7,
    "fields": {
      "app_label": "trading",
      "model": "building"
    }
  },
  {
    "model": "contenttypes.contenttype",
    "pk": 8,
    "fields": {
      "app_label": "trading",
      "model": "shop"
    }
  },
  {
    "model": "contenttypes.contenttype",
    "pk": 9,
    "fields": {
      "app_label": "trading",
      "model": "country"
    }
  },
  {
    "model": "contenttypes.contenttype",
    "pk": 10,
    "fields": {
      "app_label": "trading",
      "model": "product"
    }
  },
  {
    "model": "contenttypes.contenttype",
    "pk": 11,
    "fields": {
      "app_label": "trading",
      "model": "company"
    }
  },
  {
    "model": "contenttypes.contenttype",
    "pk": 12,
    "fields": {
      "app_label": "trading",
      "model": "employeecompany"
    }
  },
  {
    "model": "sessions.session",
    "pk": "2gusupfa34kmridu34o04u5ksg5fda1x",
    "fields": {
      "session_data": "ODQ5NGY5NzkwZmY5ZDQzZDA1MDE1ZTExMGJjMjNmMTJjNDVjZGYzZjp7IjAiOiJUZXN0In0=",
      "expire_date": "2018-12-06T20:39:16.243Z"
    }
  },
  {
    "model": "sessions.session",
    "pk": "jsyld0ker3noqeos5aw5nhpi2lfkatwj",
    "fields": {
      "session_data": "Njk3MGI4NWVlZDI2ZjM4ZThmOWUwZTA5OGQzODBjNWQ0MDU0ZDEwNDp7Im1pZGRsZXdhcmVfY29tcGFueSI6Ik15IENvbXBhbnkiLCJfYXV0aF91c2VyX2lkIjoiMSIsImNvbXBhbnlfaWQiOjMsIl9hdXRoX3VzZXJfYmFja2VuZCI6ImRqYW5nby5jb250cmliLmF1dGguYmFja2VuZHMuTW9kZWxCYWNrZW5kIiwiX2F1dGhfdXNlcl9oYXNoIjoiMDMzNzRmNDMwYmU4ZmFmODY1NjBkNzA4NGEwNDU1MTk1NmYwZDc1MCJ9",
      "expire_date": "2018-12-07T09:43:01.993Z"
    }
  },
  {
    "model": "sessions.session",
    "pk": "k2zaujkm1amqstrswyh8sskkfp4v678z",
    "fields": {
      "session_data": "ODQ5NGY5NzkwZmY5ZDQzZDA1MDE1ZTExMGJjMjNmMTJjNDVjZGYzZjp7IjAiOiJUZXN0In0=",
      "expire_date": "2018-12-06T18:39:16.262Z"
    }
  },
  {
    "model": "sessions.session",
    "pk": "nj7b0ppxzr96p5kcpir4nyaq48pegm4s",
    "fields": {
      "session_data": "ODQ5NGY5NzkwZmY5ZDQzZDA1MDE1ZTExMGJjMjNmMTJjNDVjZGYzZjp7IjAiOiJUZXN0In0=",
      "expire_date": "2018-12-06T18:39:16.377Z"
    }
  },
  {
    "model": "sessions.session",
    "pk": "vuh9ns8yq2xf722d5cplm4hkwhinr1lq",
    "fields": {
      "session_data": "ODQ5NGY5NzkwZmY5ZDQzZDA1MDE1ZTExMGJjMjNmMTJjNDVjZGYzZjp7IjAiOiJUZXN0In0=",
      "expire_date": "2018-12-06T18:39:16.319Z"
    }
  },
  {
    "model": "sessions.session",
    "pk": "z0tr4omdkxtki2gaydtdmoc1cvdhcdic",
    "fields": {
      "session_data": "ODQ5NGY5NzkwZmY5ZDQzZDA1MDE1ZTExMGJjMjNmMTJjNDVjZGYzZjp7IjAiOiJUZXN0In0=",
      "expire_date": "2018-12-06T20:39:16.315Z"
    }
  },
  {
    "model": "trading.product",
    "pk": 2,
    "fields": {
      "name": "Mobile Apps"
    }
  },
  {
    "model": "trading.product",
    "pk": 3,
    "fields": {
      "name": "Fashion"
    }
  },
  {
    "model": "trading.product",
    "pk": 4,
    "fields": {
      "name": "Movies"
    }
  },
  {
    "model": "trading.product",
    "pk": 5,
    "fields": {
      "name": "Tourism"
    }
  },
  {
    "model": "trading.product",
    "pk": 6,
    "fields": {
      "name": "Hotels"
    }
  },
  {
    "model": "trading.product",
    "pk": 7,
    "fields": {
      "name": "Restaurant"
    }
  },
  {
    "model": "trading.product",
    "pk": 8,
    "fields": {
      "name": "Books"
    }
  },
  {
    "model": "trading.product",
    "pk": 9,
    "fields": {
      "name": "Health"
    }
  },
  {
    "model": "trading.product",
    "pk": 10,
    "fields": {
      "name": "Financial"
    }
  },
  {
    "model": "trading.product",
    "pk": 11,
    "fields": {
      "name": "Foods"
    }
  },
  {
    "model": "trading.country",
    "pk": 1,
    "fields": {
      "name": "Canada"
    }
  },
  {
    "model": "trading.country",
    "pk": 2,
    "fields": {
      "name": "USA"
    }
  },
  {
    "model": "trading.country",
    "pk": 3,
    "fields": {
      "name": "Ukraine"
    }
  },
  {
    "model": "trading.country",
    "pk": 4,
    "fields": {
      "name": "Italy"
    }
  },
  {
    "model": "trading.country",
    "pk": 5,
    "fields": {
      "name": "Poland"
    }
  },
  {
    "model": "trading.country",
    "pk": 6,
    "fields": {
      "name": "Russia"
    }
  },
  {
    "model": "trading.country",
    "pk": 7,
    "fields": {
      "name": "France"
    }
  },
  {
    "model": "trading.country",
    "pk": 8,
    "fields": {
      "name": "Germany"
    }
  },
  {
    "model": "trading.country",
    "pk": 9,
    "fields": {
      "name": "Australia"
    }
  },
  {
    "model": "trading.country",
    "pk": 10,
    "fields": {
      "name": "Litva"
    }
  },
  {
    "model": "trading.country",
    "pk": 11,
    "fields": {
      "name": "Latvia"
    }
  },
  {
    "model": "trading.country",
    "pk": 12,
    "fields": {
      "name": "Estonia"
    }
  },
  {
    "model": "trading.country",
    "pk": 13,
    "fields": {
      "name": "Great Britan"
    }
  },
  {
    "model": "trading.country",
    "pk": 14,
    "fields": {
      "name": "India"
    }
  },
  {
    "model": "trading.building",
    "pk": 1,
    "fields": {
      "name": "Khortitca",
      "country": 3,
      "address": "Shevchenko St, 1"
    }
  },
  {
    "model": "trading.building",
    "pk": 2,
    "fields": {
      "name": "Lulu Mall-Cochin",
      "country": 14,
      "address": "First St, 56"
    }
  },
  {
    "model": "trading.building",
    "pk": 3,
    "fields": {
      "name": "City Mall",
      "country": 2,
      "address": "Second, 98"
    }
  },
  {
    "model": "trading.building",
    "pk": 4,
    "fields": {
      "name": "Mayakovskiy",
      "country": 4,
      "address": "New Street St, 56"
    }
  },
  {
    "model": "trading.building",
    "pk": 5,
    "fields": {
      "name": "Aschan",
      "country": 4,
      "address": "Another St, 87"
    }
  },
  {
    "model": "trading.company",
    "pk": 1,
    "fields": {
      "name": "Inditex",
      "country": 1,
      "founded_date": "1985-06-12",
      "products": [
        3
      ],
      "buildings": [
        2,
        3,
        5
      ]
    }
  },
  {
    "model": "trading.company",
    "pk": 2,
    "fields": {
      "name": "Nestle",
      "country": 8,
      "founded_date": "1985-03-02",
      "products": [
        11
      ],
      "buildings": [
        3,
        5
      ]
    }
  },
  {
    "model": "trading.company",
    "pk": 3,
    "fields": {
      "name": "Digit cinema",
      "country": 13,
      "founded_date": "1999-01-19",
      "products": [
        4
      ],
      "buildings": [
        1,
        4
      ]
    }
  },
  {
    "model": "trading.shop",
    "pk": 1,
    "fields": {
      "name": "Zara",
      "company": 1,
      "building": 3,
      "products": [
        3
      ]
    }
  },
  {
    "model": "trading.shop",
    "pk": 2,
    "fields": {
      "name": "Bershka",
      "company": 1,
      "building": 3,
      "products": [
        3
      ]
    }
  },
  {
    "model": "trading.shop",
    "pk": 3,
    "fields": {
      "name": "Neskafe",
      "company": 2,
      "building": 5,
      "products": [
        11
      ]
    }
  },
  {
    "model": "trading.shop",
    "pk": 4,
    "fields": {
      "name": "Torchin",
      "company": 2,
      "building": 1,
      "products": [
        11
      ]
    }
  },
  {
    "model": "trading.shop",
    "pk": 5,
    "fields": {
      "name": "Multiplex",
      "company": 3,
      "building": 3,
      "products": [
        4
      ]
    }
  },
  {
    "model": "auth.permission",
    "pk": 1,
    "fields": {
      "name": "Can add log entry",
      "content_type": 1,
      "codename": "add_logentry"
    }
  },
  {
    "model": "auth.permission",
    "pk": 2,
    "fields": {
      "name": "Can change log entry",
      "content_type": 1,
      "codename": "change_logentry"
    }
  },
  {
    "model": "auth.permission",
    "pk": 3,
    "fields": {
      "name": "Can delete log entry",
      "content_type": 1,
      "codename": "delete_logentry"
    }
  },
  {
    "model": "auth.permission",
    "pk": 4,
    "fields": {
      "name": "Can view log entry",
      "content_type": 1,
      "codename": "view_logentry"
    }
  },
  {
    "model": "auth.permission",
    "pk": 5,
    "fields": {
      "name": "Can add group",
      "content_type": 2,
      "codename": "add_group"
    }
  },
  {
    "model": "auth.permission",
    "pk": 6,
    "fields": {
      "name": "Can change group",
      "content_type": 2,
      "codename": "change_group"
    }
  },
  {
    "model": "auth.permission",
    "pk": 7,
    "fields": {
      "name": "Can delete group",
      "content_type": 2,
      "codename": "delete_group"
    }
  },
  {
    "model": "auth.permission",
    "pk": 8,
    "fields": {
      "name": "Can view group",
      "content_type": 2,
      "codename": "view_group"
    }
  },
  {
    "model": "auth.permission",
    "pk": 9,
    "fields": {
      "name": "Can add user",
      "content_type": 3,
      "codename": "add_user"
    }
  },
  {
    "model": "auth.permission",
    "pk": 10,
    "fields": {
      "name": "Can change user",
      "content_type": 3,
      "codename": "change_user"
    }
  },
  {
    "model": "auth.permission",
    "pk": 11,
    "fields": {
      "name": "Can delete user",
      "content_type": 3,
      "codename": "delete_user"
    }
  },
  {
    "model": "auth.permission",
    "pk": 12,
    "fields": {
      "name": "Can view user",
      "content_type": 3,
      "codename": "view_user"
    }
  },
  {
    "model": "auth.permission",
    "pk": 13,
    "fields": {
      "name": "Can add permission",
      "content_type": 4,
      "codename": "add_permission"
    }
  },
  {
    "model": "auth.permission",
    "pk": 14,
    "fields": {
      "name": "Can change permission",
      "content_type": 4,
      "codename": "change_permission"
    }
  },
  {
    "model": "auth.permission",
    "pk": 15,
    "fields": {
      "name": "Can delete permission",
      "content_type": 4,
      "codename": "delete_permission"
    }
  },
  {
    "model": "auth.permission",
    "pk": 16,
    "fields": {
      "name": "Can view permission",
      "content_type": 4,
      "codename": "view_permission"
    }
  },
  {
    "model": "auth.permission",
    "pk": 17,
    "fields": {
      "name": "Can add content type",
      "content_type": 5,
      "codename": "add_contenttype"
    }
  },
  {
    "model": "auth.permission",
    "pk": 18,
    "fields": {
      "name": "Can change content type",
      "content_type": 5,
      "codename": "change_contenttype"
    }
  },
  {
    "model": "auth.permission",
    "pk": 19,
    "fields": {
      "name": "Can delete content type",
      "content_type": 5,
      "codename": "delete_contenttype"
    }
  },
  {
    "model": "auth.permission",
    "pk": 20,
    "fields": {
      "name": "Can view content type",
      "content_type": 5,
      "codename": "view_contenttype"
    }
  },
  {
    "model": "auth.permission",
    "pk": 21,
    "fields": {
      "name": "Can add session",
      "content_type": 6,
      "codename": "add_session"
    }
  },
  {
    "model": "auth.permission",
    "pk": 22,
    "fields": {
      "name": "Can change session",
      "content_type": 6,
      "codename": "change_session"
    }
  },
  {
    "model": "auth.permission",
    "pk": 23,
    "fields": {
      "name": "Can delete session",
      "content_type": 6,
      "codename": "delete_session"
    }
  },
  {
    "model": "auth.permission",
    "pk": 24,
    "fields": {
      "name": "Can view session",
      "content_type": 6,
      "codename": "view_session"
    }
  },
  {
    "model": "auth.permission",
    "pk": 25,
    "fields": {
      "name": "Can add building",
      "content_type": 7,
      "codename": "add_building"
    }
  },
  {
    "model": "auth.permission",
    "pk": 26,
    "fields": {
      "name": "Can change building",
      "content_type": 7,
      "codename": "change_building"
    }
  },
  {
    "model": "auth.permission",
    "pk": 27,
    "fields": {
      "name": "Can delete building",
      "content_type": 7,
      "codename": "delete_building"
    }
  },
  {
    "model": "auth.permission",
    "pk": 28,
    "fields": {
      "name": "Can view building",
      "content_type": 7,
      "codename": "view_building"
    }
  },
  {
    "model": "auth.permission",
    "pk": 29,
    "fields": {
      "name": "Can add shop",
      "content_type": 8,
      "codename": "add_shop"
    }
  },
  {
    "model": "auth.permission",
    "pk": 30,
    "fields": {
      "name": "Can change shop",
      "content_type": 8,
      "codename": "change_shop"
    }
  },
  {
    "model": "auth.permission",
    "pk": 31,
    "fields": {
      "name": "Can delete shop",
      "content_type": 8,
      "codename": "delete_shop"
    }
  },
  {
    "model": "auth.permission",
    "pk": 32,
    "fields": {
      "name": "Can view shop",
      "content_type": 8,
      "codename": "view_shop"
    }
  },
  {
    "model": "auth.permission",
    "pk": 33,
    "fields": {
      "name": "Can add country",
      "content_type": 9,
      "codename": "add_country"
    }
  },
  {
    "model": "auth.permission",
    "pk": 34,
    "fields": {
      "name": "Can change country",
      "content_type": 9,
      "codename": "change_country"
    }
  },
  {
    "model": "auth.permission",
    "pk": 35,
    "fields": {
      "name": "Can delete country",
      "content_type": 9,
      "codename": "delete_country"
    }
  },
  {
    "model": "auth.permission",
    "pk": 36,
    "fields": {
      "name": "Can view country",
      "content_type": 9,
      "codename": "view_country"
    }
  },
  {
    "model": "auth.permission",
    "pk": 37,
    "fields": {
      "name": "Can add product",
      "content_type": 10,
      "codename": "add_product"
    }
  },
  {
    "model": "auth.permission",
    "pk": 38,
    "fields": {
      "name": "Can change product",
      "content_type": 10,
      "codename": "change_product"
    }
  },
  {
    "model": "auth.permission",
    "pk": 39,
    "fields": {
      "name": "Can delete product",
      "content_type": 10,
      "codename": "delete_product"
    }
  },
  {
    "model": "auth.permission",
    "pk": 40,
    "fields": {
      "name": "Can view product",
      "content_type": 10,
      "codename": "view_product"
    }
  },
  {
    "model": "auth.permission",
    "pk": 41,
    "fields": {
      "name": "Can add company",
      "content_type": 11,
      "codename": "add_company"
    }
  },
  {
    "model": "auth.permission",
    "pk": 42,
    "fields": {
      "name": "Can change company",
      "content_type": 11,
      "codename": "change_company"
    }
  },
  {
    "model": "auth.permission",
    "pk": 43,
    "fields": {
      "name": "Can delete company",
      "content_type": 11,
      "codename": "delete_company"
    }
  },
  {
    "model": "auth.permission",
    "pk": 44,
    "fields": {
      "name": "Can view company",
      "content_type": 11,
      "codename": "view_company"
    }
  },
  {
    "model": "auth.permission",
    "pk": 45,
    "fields": {
      "name": "Can add employee company",
      "content_type": 12,
      "codename": "add_employeecompany"
    }
  },
  {
    "model": "auth.permission",
    "pk": 46,
    "fields": {
      "name": "Can change employee company",
      "content_type": 12,
      "codename": "change_employeecompany"
    }
  },
  {
    "model": "auth.permission",
    "pk": 47,
    "fields": {
      "name": "Can delete employee company",
      "content_type": 12,
      "codename": "delete_employeecompany"
    }
  },
  {
    "model": "auth.permission",
    "pk": 48,
    "fields": {
      "name": "Can view employee company",
      "content_type": 12,
      "codename": "view_employeecompany"
    }
  },
  {
    "model": "auth.user",
    "pk": 1,
    "fields": {
      "password": "pbkdf2_sha256$120000$jg7zwCRN81xN$9nehv0wdhZw7ZIav8gdpWdLHF049x7j5no0FzBRDUxs=",
      "last_login": "2018-11-22T11:53:53.103Z",
      "is_superuser": true,
      "username": "admin",
      "first_name": "",
      "last_name": "",
      "email": "admin@mail.com",
      "is_staff": true,
      "is_active": true,
      "date_joined": "2018-11-22T11:52:44.119Z",
      "groups": [],
      "user_permissions": []
    }
  },
  {
    "model": "auth.user",
    "pk": 2,
    "fields": {
      "password": "pbkdf2_sha256$120000$EL9Lyd3EiAa8$9VUuNVcAhj/dXyEBD2hpjXcqt0psiwoh0C4mdqS2Z2o=",
      "last_login": null,
      "is_superuser": false,
      "username": "manager1",
      "first_name": "",
      "last_name": "",
      "email": "",
      "is_staff": false,
      "is_active": true,
      "date_joined": "2018-11-23T14:43:29.671Z",
      "groups": [],
      "user_permissions": []
    }
  },
  {
    "model": "auth.user",
    "pk": 3,
    "fields": {
      "password": "pbkdf2_sha256$120000$UsqpxjmgaxIq$2NcS/eJcwnt8ol6OsRj6WZdJWqZg6n5D1fpUsqXWvg8=",
      "last_login": null,
      "is_superuser": false,
      "username": "manager2",
      "first_name": "",
      "last_name": "",
      "email": "",
      "is_staff": false,
      "is_active": true,
      "date_joined": "2018-11-23T14:44:05.603Z",
      "groups": [],
      "user_permissions": []
    }
  },
  {
    "model": "trading.employeecompany",
    "pk": 1,
    "fields": {
      "company": 3,
      "employee": 1,
      "role": 1,
      "is_default_company": false
    }
  },
  {
    "model": "trading.employeecompany",
    "pk": 2,
    "fields": {
      "company": 3,
      "employee": 2,
      "role": 3,
      "is_default_company": false
    }
  },
  {
    "model": "trading.employeecompany",
    "pk": 3,
    "fields": {
      "company": 2,
      "employee": 2,
      "role": 4,
      "is_default_company": false
    }
  },
  {
    "model": "trading.employeecompany",
    "pk": 4,
    "fields": {
      "company": 1,
      "employee": 3,
      "role": 5,
      "is_default_company": false
    }
  },
  {
    "model": "trading.employeecompany",
    "pk": 5,
    "fields": {
      "company": 2,
      "employee": 3,
      "role": 5,
      "is_default_company": false
    }
  },
  {
    "model": "admin.logentry",
    "pk": 1,
    "fields": {
      "action_time": "2018-11-22T11:54:10.518Z",
      "user": 1,
      "content_type": 9,
      "object_id": "2",
      "object_repr": "USA",
      "action_flag": 1,
      "change_message": "[{\"added\": {}}]"
    }
  },
  {
    "model": "admin.logentry",
    "pk": 2,
    "fields": {
      "action_time": "2018-11-22T11:54:12.761Z",
      "user": 1,
      "content_type": 9,
      "object_id": "2",
      "object_repr": "USA",
      "action_flag": 2,
      "change_message": "[]"
    }
  },
  {
    "model": "admin.logentry",
    "pk": 3,
    "fields": {
      "action_time": "2018-11-22T11:54:18.900Z",
      "user": 1,
      "content_type": 9,
      "object_id": "3",
      "object_repr": "Ukraine",
      "action_flag": 1,
      "change_message": "[{\"added\": {}}]"
    }
  },
  {
    "model": "admin.logentry",
    "pk": 4,
    "fields": {
      "action_time": "2018-11-22T11:54:23.674Z",
      "user": 1,
      "content_type": 9,
      "object_id": "4",
      "object_repr": "Italy",
      "action_flag": 1,
      "change_message": "[{\"added\": {}}]"
    }
  },
  {
    "model": "admin.logentry",
    "pk": 5,
    "fields": {
      "action_time": "2018-11-22T11:54:30.975Z",
      "user": 1,
      "content_type": 9,
      "object_id": "5",
      "object_repr": "Poland",
      "action_flag": 1,
      "change_message": "[{\"added\": {}}]"
    }
  },
  {
    "model": "admin.logentry",
    "pk": 6,
    "fields": {
      "action_time": "2018-11-22T11:54:36.508Z",
      "user": 1,
      "content_type": 9,
      "object_id": "6",
      "object_repr": "Russia",
      "action_flag": 1,
      "change_message": "[{\"added\": {}}]"
    }
  },
  {
    "model": "admin.logentry",
    "pk": 7,
    "fields": {
      "action_time": "2018-11-22T11:54:40.576Z",
      "user": 1,
      "content_type": 9,
      "object_id": "7",
      "object_repr": "France",
      "action_flag": 1,
      "change_message": "[{\"added\": {}}]"
    }
  },
  {
    "model": "admin.logentry",
    "pk": 8,
    "fields": {
      "action_time": "2018-11-22T11:54:50.499Z",
      "user": 1,
      "content_type": 9,
      "object_id": "8",
      "object_repr": "Germany",
      "action_flag": 1,
      "change_message": "[{\"added\": {}}]"
    }
  },
  {
    "model": "admin.logentry",
    "pk": 9,
    "fields": {
      "action_time": "2018-11-22T11:55:00.781Z",
      "user": 1,
      "content_type": 9,
      "object_id": "9",
      "object_repr": "Australia",
      "action_flag": 1,
      "change_message": "[{\"added\": {}}]"
    }
  },
  {
    "model": "admin.logentry",
    "pk": 10,
    "fields": {
      "action_time": "2018-11-22T11:55:06.901Z",
      "user": 1,
      "content_type": 9,
      "object_id": "10",
      "object_repr": "Litva",
      "action_flag": 1,
      "change_message": "[{\"added\": {}}]"
    }
  },
  {
    "model": "admin.logentry",
    "pk": 11,
    "fields": {
      "action_time": "2018-11-22T11:55:11.764Z",
      "user": 1,
      "content_type": 9,
      "object_id": "11",
      "object_repr": "Latvia",
      "action_flag": 1,
      "change_message": "[{\"added\": {}}]"
    }
  },
  {
    "model": "admin.logentry",
    "pk": 12,
    "fields": {
      "action_time": "2018-11-22T11:55:17.800Z",
      "user": 1,
      "content_type": 9,
      "object_id": "12",
      "object_repr": "Estonia",
      "action_flag": 1,
      "change_message": "[{\"added\": {}}]"
    }
  },
  {
    "model": "admin.logentry",
    "pk": 13,
    "fields": {
      "action_time": "2018-11-22T11:55:43.838Z",
      "user": 1,
      "content_type": 9,
      "object_id": "13",
      "object_repr": "Great Britan",
      "action_flag": 1,
      "change_message": "[{\"added\": {}}]"
    }
  },
  {
    "model": "admin.logentry",
    "pk": 14,
    "fields": {
      "action_time": "2018-11-22T11:56:03.904Z",
      "user": 1,
      "content_type": 10,
      "object_id": "2",
      "object_repr": "food",
      "action_flag": 1,
      "change_message": "[{\"added\": {}}]"
    }
  },
  {
    "model": "admin.logentry",
    "pk": 15,
    "fields": {
      "action_time": "2018-11-22T11:56:44.871Z",
      "user": 1,
      "content_type": 10,
      "object_id": "3",
      "object_repr": "Fashion",
      "action_flag": 1,
      "change_message": "[{\"added\": {}}]"
    }
  },
  {
    "model": "admin.logentry",
    "pk": 16,
    "fields": {
      "action_time": "2018-11-22T11:56:50.912Z",
      "user": 1,
      "content_type": 10,
      "object_id": "2",
      "object_repr": "Food",
      "action_flag": 2,
      "change_message": "[{\"changed\": {\"fields\": [\"name\"]}}]"
    }
  },
  {
    "model": "admin.logentry",
    "pk": 17,
    "fields": {
      "action_time": "2018-11-22T11:56:56.781Z",
      "user": 1,
      "content_type": 10,
      "object_id": "1",
      "object_repr": "Clothing",
      "action_flag": 2,
      "change_message": "[{\"changed\": {\"fields\": [\"name\"]}}]"
    }
  },
  {
    "model": "admin.logentry",
    "pk": 18,
    "fields": {
      "action_time": "2018-11-22T12:01:36.164Z",
      "user": 1,
      "content_type": 10,
      "object_id": "4",
      "object_repr": "Movies",
      "action_flag": 1,
      "change_message": "[{\"added\": {}}]"
    }
  },
  {
    "model": "admin.logentry",
    "pk": 19,
    "fields": {
      "action_time": "2018-11-22T12:01:58.702Z",
      "user": 1,
      "content_type": 10,
      "object_id": "5",
      "object_repr": "Tourism",
      "action_flag": 1,
      "change_message": "[{\"added\": {}}]"
    }
  },
  {
    "model": "admin.logentry",
    "pk": 20,
    "fields": {
      "action_time": "2018-11-22T12:02:07.650Z",
      "user": 1,
      "content_type": 10,
      "object_id": "6",
      "object_repr": "Hotels",
      "action_flag": 1,
      "change_message": "[{\"added\": {}}]"
    }
  },
  {
    "model": "admin.logentry",
    "pk": 21,
    "fields": {
      "action_time": "2018-11-22T12:02:25.929Z",
      "user": 1,
      "content_type": 10,
      "object_id": "7",
      "object_repr": "Restaurant",
      "action_flag": 1,
      "change_message": "[{\"added\": {}}]"
    }
  },
  {
    "model": "admin.logentry",
    "pk": 22,
    "fields": {
      "action_time": "2018-11-22T12:02:34.378Z",
      "user": 1,
      "content_type": 10,
      "object_id": "8",
      "object_repr": "Books",
      "action_flag": 1,
      "change_message": "[{\"added\": {}}]"
    }
  },
  {
    "model": "admin.logentry",
    "pk": 23,
    "fields": {
      "action_time": "2018-11-22T12:02:45.590Z",
      "user": 1,
      "content_type": 10,
      "object_id": "9",
      "object_repr": "Health",
      "action_flag": 1,
      "change_message": "[{\"added\": {}}]"
    }
  },
  {
    "model": "admin.logentry",
    "pk": 24,
    "fields": {
      "action_time": "2018-11-22T12:02:56.667Z",
      "user": 1,
      "content_type": 10,
      "object_id": "10",
      "object_repr": "Financial",
      "action_flag": 1,
      "change_message": "[{\"added\": {}}]"
    }
  },
  {
    "model": "admin.logentry",
    "pk": 25,
    "fields": {
      "action_time": "2018-11-22T12:03:28.154Z",
      "user": 1,
      "content_type": 10,
      "object_id": "2",
      "object_repr": "Mobile Apps",
      "action_flag": 2,
      "change_message": "[{\"changed\": {\"fields\": [\"name\"]}}]"
    }
  },
  {
    "model": "admin.logentry",
    "pk": 26,
    "fields": {
      "action_time": "2018-11-22T12:04:14.322Z",
      "user": 1,
      "content_type": 10,
      "object_id": "1",
      "object_repr": "Clothing",
      "action_flag": 3,
      "change_message": ""
    }
  },
  {
    "model": "admin.logentry",
    "pk": 27,
    "fields": {
      "action_time": "2018-11-22T12:07:06.666Z",
      "user": 1,
      "content_type": 7,
      "object_id": "1",
      "object_repr": "Khortitca",
      "action_flag": 2,
      "change_message": "[{\"changed\": {\"fields\": [\"name\", \"country\", \"address\"]}}]"
    }
  },
  {
    "model": "admin.logentry",
    "pk": 28,
    "fields": {
      "action_time": "2018-11-22T12:09:20.483Z",
      "user": 1,
      "content_type": 9,
      "object_id": "14",
      "object_repr": "India",
      "action_flag": 1,
      "change_message": "[{\"added\": {}}]"
    }
  },
  {
    "model": "admin.logentry",
    "pk": 29,
    "fields": {
      "action_time": "2018-11-22T12:10:04.447Z",
      "user": 1,
      "content_type": 7,
      "object_id": "2",
      "object_repr": "Lulu Mall-Cochin",
      "action_flag": 1,
      "change_message": "[{\"added\": {}}]"
    }
  },
  {
    "model": "admin.logentry",
    "pk": 30,
    "fields": {
      "action_time": "2018-11-22T12:10:41.382Z",
      "user": 1,
      "content_type": 7,
      "object_id": "3",
      "object_repr": "City Mall",
      "action_flag": 1,
      "change_message": "[{\"added\": {}}]"
    }
  },
  {
    "model": "admin.logentry",
    "pk": 31,
    "fields": {
      "action_time": "2018-11-22T12:11:15.174Z",
      "user": 1,
      "content_type": 7,
      "object_id": "4",
      "object_repr": "Mayakovskiy",
      "action_flag": 1,
      "change_message": "[{\"added\": {}}]"
    }
  },
  {
    "model": "admin.logentry",
    "pk": 32,
    "fields": {
      "action_time": "2018-11-22T12:11:46.215Z",
      "user": 1,
      "content_type": 7,
      "object_id": "4",
      "object_repr": "Mayakovskiy",
      "action_flag": 2,
      "change_message": "[{\"changed\": {\"fields\": [\"country\"]}}]"
    }
  },
  {
    "model": "admin.logentry",
    "pk": 33,
    "fields": {
      "action_time": "2018-11-22T12:12:22.209Z",
      "user": 1,
      "content_type": 7,
      "object_id": "5",
      "object_repr": "Aschan",
      "action_flag": 1,
      "change_message": "[{\"added\": {}}]"
    }
  },
  {
    "model": "admin.logentry",
    "pk": 34,
    "fields": {
      "action_time": "2018-11-22T12:13:28.881Z",
      "user": 1,
      "content_type": 11,
      "object_id": "1",
      "object_repr": "Inditex",
      "action_flag": 2,
      "change_message": "[{\"changed\": {\"fields\": [\"products\", \"buildings\", \"employees\"]}}]"
    }
  },
  {
    "model": "admin.logentry",
    "pk": 35,
    "fields": {
      "action_time": "2018-11-22T12:15:00.217Z",
      "user": 1,
      "content_type": 11,
      "object_id": "2",
      "object_repr": "Nestle",
      "action_flag": 1,
      "change_message": "[{\"added\": {}}]"
    }
  },
  {
    "model": "admin.logentry",
    "pk": 36,
    "fields": {
      "action_time": "2018-11-22T12:15:11.488Z",
      "user": 1,
      "content_type": 10,
      "object_id": "11",
      "object_repr": "Foods",
      "action_flag": 1,
      "change_message": "[{\"added\": {}}]"
    }
  },
  {
    "model": "admin.logentry",
    "pk": 37,
    "fields": {
      "action_time": "2018-11-22T12:15:28.865Z",
      "user": 1,
      "content_type": 11,
      "object_id": "2",
      "object_repr": "Nestle",
      "action_flag": 2,
      "change_message": "[{\"changed\": {\"fields\": [\"products\"]}}]"
    }
  },
  {
    "model": "admin.logentry",
    "pk": 38,
    "fields": {
      "action_time": "2018-11-22T12:16:00.830Z",
      "user": 1,
      "content_type": 8,
      "object_id": "1",
      "object_repr": "Zara",
      "action_flag": 1,
      "change_message": "[{\"added\": {}}]"
    }
  },
  {
    "model": "admin.logentry",
    "pk": 39,
    "fields": {
      "action_time": "2018-11-22T12:16:29.327Z",
      "user": 1,
      "content_type": 8,
      "object_id": "2",
      "object_repr": "Bershka",
      "action_flag": 1,
      "change_message": "[{\"added\": {}}]"
    }
  },
  {
    "model": "admin.logentry",
    "pk": 40,
    "fields": {
      "action_time": "2018-11-22T12:17:34.674Z",
      "user": 1,
      "content_type": 11,
      "object_id": "3",
      "object_repr": "Digit cinema",
      "action_flag": 1,
      "change_message": "[{\"added\": {}}]"
    }
  },
  {
    "model": "admin.logentry",
    "pk": 41,
    "fields": {
      "action_time": "2018-11-22T12:20:32.541Z",
      "user": 1,
      "content_type": 8,
      "object_id": "3",
      "object_repr": "Neskafe",
      "action_flag": 1,
      "change_message": "[{\"added\": {}}]"
    }
  },
  {
    "model": "admin.logentry",
    "pk": 42,
    "fields": {
      "action_time": "2018-11-22T12:20:56.889Z",
      "user": 1,
      "content_type": 8,
      "object_id": "4",
      "object_repr": "Torchin",
      "action_flag": 1,
      "change_message": "[{\"added\": {}}]"
    }
  },
  {
    "model": "admin.logentry",
    "pk": 43,
    "fields": {
      "action_time": "2018-11-22T12:21:22.347Z",
      "user": 1,
      "content_type": 8,
      "object_id": "5",
      "object_repr": "Multiplex",
      "action_flag": 1,
      "change_message": "[{\"added\": {}}]"
    }
  },
  {
    "model": "admin.logentry",
    "pk": 44,
    "fields": {
      "action_time": "2018-11-23T14:41:36.544Z",
      "user": 1,
      "content_type": 11,
      "object_id": "3",
      "object_repr": "Digit cinema",
      "action_flag": 2,
      "change_message": "[{\"added\": {\"name\": \"employee company\", \"object\": \"EmployeeCompany object (1)\"}}]"
    }
  },
  {
    "model": "admin.logentry",
    "pk": 45,
    "fields": {
      "action_time": "2018-11-23T14:43:29.791Z",
      "user": 1,
      "content_type": 3,
      "object_id": "2",
      "object_repr": "manager1",
      "action_flag": 1,
      "change_message": "[{\"added\": {}}]"
    }
  },
  {
    "model": "admin.logentry",
    "pk": 46,
    "fields": {
      "action_time": "2018-11-23T14:44:05.722Z",
      "user": 1,
      "content_type": 3,
      "object_id": "3",
      "object_repr": "manager2",
      "action_flag": 1,
      "change_message": "[{\"added\": {}}]"
    }
  },
  {
    "model": "admin.logentry",
    "pk": 47,
    "fields": {
      "action_time": "2018-11-23T14:44:28.692Z",
      "user": 1,
      "content_type": 11,
      "object_id": "3",
      "object_repr": "Digit cinema",
      "action_flag": 2,
      "change_message": "[{\"added\": {\"name\": \"employee company\", \"object\": \"EmployeeCompany object (2)\"}}]"
    }
  },
  {
    "model": "admin.logentry",
    "pk": 48,
    "fields": {
      "action_time": "2018-11-23T14:44:39.070Z",
      "user": 1,
      "content_type": 11,
      "object_id": "2",
      "object_repr": "Nestle",
      "action_flag": 2,
      "change_message": "[{\"added\": {\"name\": \"employee company\", \"object\": \"EmployeeCompany object (3)\"}}]"
    }
  },
  {
    "model": "admin.logentry",
    "pk": 49,
    "fields": {
      "action_time": "2018-11-23T14:44:56.654Z",
      "user": 1,
      "content_type": 11,
      "object_id": "1",
      "object_repr": "Inditex",
      "action_flag": 2,
      "change_message": "[{\"added\": {\"name\": \"employee company\", \"object\": \"EmployeeCompany object (4)\"}}]"
    }
  },
  {
    "model": "admin.logentry",
    "pk": 50,
    "fields": {
      "action_time": "2018-11-23T14:45:04.522Z",
      "user": 1,
      "content_type": 11,
      "object_id": "2",
      "object_repr": "Nestle",
      "action_flag": 2,
      "change_message": "[{\"added\": {\"name\": \"employee company\", \"object\": \"EmployeeCompany object (5)\"}}]"
    }
  }
]